filter,q,std_q,u,std_u
B,0.0010279527446381094,0.0014432476191768172,-0.012539986362742393,0.0016161300950053605
V,0.006746795389561993,0.0020666150000686924,-0.0235508408018002,0.002119391011946548
R,0.010953302240671323,0.0019194099222361871,-0.03140041572333573,0.0020585380962482255
I,0.01196919044309007,0.0016586342278387953,-0.03382673150569339,0.001826687599280419
L,0.007971686664957185,0.001730802824679126,-0.01964210479533192,0.0023564806092721768
