filter,qa,qb,qc,ua,ub,uc
V,-3.39749037213925e-06,-8.895765331512991e-06,0.010352120175817808,-5.168097010408044e-06,-4.353518787191314e-06,-0.017344936693665373
R,-3.7347642398544316e-06,-7.737882918281249e-06,0.01545235660843982,7.763047359826845e-06,-6.018407091221343e-06,-0.029453176362534278
I,-4.72414659957732e-07,-9.62783582753295e-06,0.01576536305990313,2.5414729532341442e-06,-4.528010270524288e-06,-0.031205738226880688