filter,qa,qb,qc,ua,ub,uc
R,-5.38E-06,-6.15E-06,0.0154760540403264,8.09E-06,-6.33E-06,-0.0292050216084329
I,-4.72E-07,-9.63E-06,0.0158443581193836,2.54E-06,-4.53E-06,-0.0309685467839961
V,-3.40E-06,-8.90E-06,0.0103521201758178,-5.17E-06,-4.35E-06,-0.0173449366936654
